author,commentNum,likeNum,readNum,title,url
微光隐隐," 2399
", 2830," 34042
",当我27岁， 我在想什么？,http://www.jianshu.com//p/d7007c92e15e
彭小六," 285
", 4228," 97095
",如何在3个月内彻底改变自己的形象？,http://www.jianshu.com//p/87c090900fae
顾一宸," 743
", 2674," 43900
",你这毛病再不改会没朋友的，你知道不？,http://www.jianshu.com//p/77e215a98026
韩大爷的杂货铺," 439
", 3172," 48520
",想努力却又努力不起来，怎么办,http://www.jianshu.com//p/9345d9417c27
安梳颜," 445
", 2315," 30160
",我们为什么要努力,http://www.jianshu.com//p/801326af7ecb
安梳颜," 425
", 2232," 28303
",屌丝逆袭是一种什么样的感受,http://www.jianshu.com//p/7ce0aa6c7c5b
怀左同学," 427
", 1995," 49386
",优秀的人，凭什么要和你在一起？,http://www.jianshu.com//p/51273c38efd9
陈慕妤," 458
", 2267," 21149
",这样锻炼，你才会掌握说话的力量,http://www.jianshu.com//p/69a149787dc5
饱醉豚," 595
", 1349," 35296
",别假装你们很勤奋好学,http://www.jianshu.com//p/ede26805cbc3
怀左同学," 464
", 1737," 30681
",在大学，我用亲身经历告诉你坚持的意义,http://www.jianshu.com//p/efaf4a4945ca
生活家小不点," 359
", 1816," 25159
","刷遍朋友圈的2017年度计划 | ""word天！看完感觉自己白活了！""",http://www.jianshu.com//p/b2ba4dd67b79
甘球," 260
", 1369," 35434
",该是多喜欢那个姑娘，才能写出这样的情书,http://www.jianshu.com//p/85578446233c
撒哈拉异乡人," 574
", 1056," 25117
",连续加班了36个小时之后，我裸辞了,http://www.jianshu.com//p/73e85157479e
无声的和谐," 247
", 2341," 23489
",教你用这几款修图工具轻松做出高逼格照片,http://www.jianshu.com//p/ef85b9d19db4
尹沽城," 623
", 747," 32742
",考研失败两次后，我决定再也不考了,http://www.jianshu.com//p/9c2b076c10f0
我是知识的搬运工," 723
", 935," 10328
",面试经（18）应届生，别让你的简历素颜！（附5款精美模板）,http://www.jianshu.com//p/dc764e54b3a7
淮王鱼," 102
", 1570," 16896
",想变得更好？看完这些书你还不优秀只能怪你太笨,http://www.jianshu.com//p/9cc3a2737b48
韩大爷的杂货铺," 341
", 1173," 28464
",我建议你去读一读那些阅读量不高的文章,http://www.jianshu.com//p/c8503afd4700
乌龙明月," 196
", 1367," 20521
",人人都有机会，用一年时间，改变命运,http://www.jianshu.com//p/d7c46b519d5a
毛球海绵仔," 217
", 1343," 23805
",【女神进化篇6】适合女孩子学习的十种高逼格技能～,http://www.jianshu.com//p/05cbd6f14a58
雅客先生," 66
", 1590," 13257
",这可能是史上最全的简历教程,http://www.jianshu.com//p/8a79a02bb97e
二十初仲夏的树," 858
", 6809," 75495
",如何在三个月内健康自然地变美？,http://www.jianshu.com//p/07c2ce672485
简叔," 5750
", 13995," 690551
",简友常见问题汇总,http://www.jianshu.com//p/27de765cdb28
饱醉豚," 449
", 726," 25913
",极简生活的一些建议,http://www.jianshu.com//p/1c1181d06aa5
summer豆沙椰蓉包," 577
", 4780," 65143
",遇到更好的自己：如何利用小半年时间将颜值提升一个度,http://www.jianshu.com//p/19f69f9533d2
造梦者独慕溪," 413
", 1082," 16184
",17天女生独行，如何用4000元横跨南北三省四个城市？,http://www.jianshu.com//p/fdb0996ac888
毛球海绵仔," 286
", 1163," 13971
",从学渣逆袭到学霸，我是这样做的！,http://www.jianshu.com//p/0b7fcdb7c6db
行动派DreamList," 110
", 1355," 13931
",迄今为止对我影响最深的10本书，你都看过几本？,http://www.jianshu.com//p/968253a2feb0
俗人杂文," 196
", 1252," 17914
",字太丑？无需十年苦练，十分钟让人刮目相看！（结构篇）,http://www.jianshu.com//p/3dadb7592ff2
瓯南," 1378
", 14101," 172485
",大学两年读了200多本书，向你推荐这7本,http://www.jianshu.com//p/493f5f4cf1af
王佩," 553
", 396," 22753
",断舍离是一种没脑子的行为,http://www.jianshu.com//p/25774797ed67
彭小六," 86
", 1284," 29665
",[下班后怎么挣钱]把公众号文章变成个人能力的4个步骤,http://www.jianshu.com//p/ba7d3f4c09f7
顾一宸," 361
", 787," 32489
",99%的男生都会这样被女孩套路,http://www.jianshu.com//p/8a4910307bcd
在下行之," 323
", 927," 20004
",2017年，公众号写作的未来在哪里？,http://www.jianshu.com//p/d28134c106d3
余文殊," 204
", 1250," 13027
",想提高独立思考能力？这几个人的书你一定要读,http://www.jianshu.com//p/919dc969563a
微澜细语," 310
", 901," 29291
",你们培养了千百个武亦姝更培养了千千万万个普通人,http://www.jianshu.com//p/fd42f43673e4
Ricepanda," 212
", 1143," 13462
",这本英文原版词汇书让你的词汇量飞起来（豆瓣评分高达9.6分）,http://www.jianshu.com//p/6381350abed9
彭小六," 229
", 964," 36502
",每天早上五点半起床，我和小伙伴们得到了什么？,http://www.jianshu.com//p/cc3b5074710a
冰心小记," 94
", 1383," 16472
",老司机程序员用到的各种优秀资料、神器及框架整理,http://www.jianshu.com//p/d74934b49ba3
用时间酿酒," 193
", 1113," 20679
",年轻人该如何提高眼界，摆脱思维局限？,http://www.jianshu.com//p/b0ac72e193e5
无戒," 433
", 620," 23785
",那年裸婚的我，现在过成什么样了,http://www.jianshu.com//p/8c10ed56597c
她在非洲漂," 615
", 638," 10875
",姑娘，你为什么要那么拼命努力挣钱？,http://www.jianshu.com//p/2dd07e998eb3
韩大爷的杂货铺," 1525
", 11346," 154735
",从现在起，培养五个获益终生的思维习惯。,http://www.jianshu.com//p/bf965da0082c
在下行之," 264
", 931," 16434
",读古典诗词到底有什么用？,http://www.jianshu.com//p/681072255671
熊猫Panda先生," 128
", 1038," 15268
",大学四年，看了近百部电影，这6部改变了我的世界观,http://www.jianshu.com//p/4b50e6de52f6
安梳颜," 281
", 734," 24991
",我他妈也好想放弃啊,http://www.jianshu.com//p/4705e9f49e55
JOINFIT," 94
", 1041," 22005
",坚持做1个月平板支撑会发生什么,http://www.jianshu.com//p/e7eab2169045
不戒大师," 299
", 851," 12948
",大部分的恐惧与你的懒惰有关,http://www.jianshu.com//p/45707cd22e66
微笑的秧秧," 169
", 1025," 12483
",推荐给年轻人的15个高性价比时尚品牌（上）,http://www.jianshu.com//p/d08d60d2de75
贝拉小姐love," 291
", 1618," 22838
",如何写得一手漂亮的好字？（内附8年练字心得）,http://www.jianshu.com//p/0d23d28413c7
陈大力," 142
", 917," 15678
",为什么有些姑娘人生像开了挂？ ,http://www.jianshu.com//p/a1596abd4440
未末的背影," 357
", 797," 12569
",成为自己想要的样子，是个什么样？,http://www.jianshu.com//p/d407d971fd64
猫耳朵小魔女," 112
", 939," 21430
",清晨五点起床的我是如何做到的,http://www.jianshu.com//p/0f3a7ae246f7
潮范," 381
", 472," 25592
",被骗入传销的13天-01请爷入瓮,http://www.jianshu.com//p/f26672c80eae
Sharon王姝钰," 130
", 955," 9775
",你们要的干货来啦——要变美，什么时候都不晚,http://www.jianshu.com//p/89f512a50fb0
彭小六," 87
", 958," 21712
",让阅读变得很有价值的10个妙招,http://www.jianshu.com//p/977cbbb062bd
陈允皓," 380
", 622," 6808
",大学里，你这样急于谈一场恋爱真的好吗？,http://www.jianshu.com//p/46abde958060
浵浵的妈妈," 1406
", 6585," 80319
",我的2016—自律改变我的人生,http://www.jianshu.com//p/207da864e927
汝之尾巴草," 498
", 633," 12382
",没有刻骨铭心的自卑，哪来不顾一切的努力！,http://www.jianshu.com//p/4684051fd087
顾一宸," 270
", 588," 11409
",承认吧，你早就过够了一个人的生活,http://www.jianshu.com//p/0ca79ad0a35e
饱醉豚," 461
", 166," 19194
",国家把土地还给人民，你更买不起房子了。,http://www.jianshu.com//p/52a221677c50
陈大可1943," 215
", 685," 14212
",低开高走，你的职场也能逆袭,http://www.jianshu.com//p/ee8d0aaf9133
简书活动精选," 516
", 136," 6569
",秦时明月x简书合作微小说故事大赛,http://www.jianshu.com//p/57ce3ad15b75
自在独行and旅煮天下," 205
", 831," 13625
",花六年时间阅胸无数（男士止步）——胸部保养之一﻿﻿﻿（把握正确的内衣穿着方法，可以把她一手带大）,http://www.jianshu.com//p/695bbabb0362
造梦者独慕溪," 295
", 685," 10915
",专业单身20年，如何利用充裕时间，成为更好的自己？,http://www.jianshu.com//p/928fadac081f
鹿人三千," 271
", 521," 18918
",如果我在北京地铁10号线那节车厢,http://www.jianshu.com//p/5096e9d9a083
韩大爷的杂货铺," 231
", 718," 14089
",突破心理障碍，有时只需要四个字,http://www.jianshu.com//p/03676d87a958
阿萝少女," 147
", 823," 14210
",男神速成攻略：你不用很帅，但必须要有型！,http://www.jianshu.com//p/b64495591d60
晓多," 249
", 754," 11938
",2017年做到这6件事，遇见更好的自己,http://www.jianshu.com//p/328993508861
蓝菠萝球," 631
", 4789," 44288
",干货 | 我是怎样零基础学画画转行当上设计师的,http://www.jianshu.com//p/b3653400e419
韩大爷的杂货铺," 143
", 685," 18237
",写给所有自卑的人,http://www.jianshu.com//p/6b60a03659d7
紅視界," 339
", 601," 15127
",一个人，怎么过才叫有品质,http://www.jianshu.com//p/5ec10d0baeb7
顾一宸," 253
", 537," 13002
",向情敌和小三学习，你将更懂爱也更会爱,http://www.jianshu.com//p/517af1951c1e
夏知凉," 1288
", 4308," 75226
",若不曾颠沛流离，哪知人间冷暖,http://www.jianshu.com//p/2c0a01f3779b
八月未央未离," 114
", 831," 9258
",我终于不再是大象腿了（腿型篇）,http://www.jianshu.com//p/0be0a0d09497
雪花如糖," 147
", 723," 12845
",一个月深度阅读一本书，帮你轻松赚稿费,http://www.jianshu.com//p/70d0251926ca
少白兄," 164
", 765," 11378
",教你用手机做一张仿古照片,http://www.jianshu.com//p/a45bd5b5416c
无戒," 330
", 383," 11552
",（写作课系列）你是否写了很久，没有阅读量准备放弃了？,http://www.jianshu.com//p/6707abdd9aee
Sharon王姝钰," 58
", 864," 7147
",关于腿的那点事——瘦腿，腿型，塑臀及生活习惯与穿搭【完结】,http://www.jianshu.com//p/573a2a5e4300
Mr_Ten," 107
", 1364," 9982
",我能有多坚强，我又不比别人多颗心脏,http://www.jianshu.com//p/32559fed2a6f
弘丹," 965
", 8751," 131652
",如果你想提高写作能力，我推荐这6本书,http://www.jianshu.com//p/cf0a9cebbf4c
阿何," 70
", 778," 12183
",这样去搜索想要的资料信息，真的爽爆了！,http://www.jianshu.com//p/7e56d7cf0b8e
云晞," 552
", 308," 6605
",朋友之上，恋人未满,http://www.jianshu.com//p/721fd5d7d0c5
空白中的独舞," 2696
", 12470," 156029
",因为并不聪明，所以努力把这些习惯坚持了7年,http://www.jianshu.com//p/0126131adfe7
车成子," 186
", 489," 10112
","君可知，“简书"" 这个古风美名，出自哪首古诗词？哪位伟大诗人？",http://www.jianshu.com//p/9a12d91e5d2f
韩大爷的杂货铺," 121
", 680," 12759
",努力奋斗过程中，常会掉进的三个思维陷阱,http://www.jianshu.com//p/1e0ce2f41a9c
小俗大人," 43
", 807," 9544
",种草 | 28家靠谱淘宝店铺，回购N次的走心安利！,http://www.jianshu.com//p/de1f3bf33b55
菜花小姐姐," 230
", 459," 10654
",我的男朋友身高160,http://www.jianshu.com//p/d4cc2900b8a4
沐沐周," 238
", 539," 9600
",10首古诗，教你优雅地说：我爱你,http://www.jianshu.com//p/e9f9d0789a3e
Asaezhang," 105
", 686," 8958
",这样学英语至少可以让你赚百万（口语篇）,http://www.jianshu.com//p/c21eb4c8c837
顾一宸," 249
", 340," 12804
",别装了，我早看出来你家教不好了,http://www.jianshu.com//p/c94086bb3fbe
颜悬哉," 140
", 629," 7720
",这3个写作技巧，让我赚了10000元，今天免费教！,http://www.jianshu.com//p/a854696fa928
朝歌晚丽," 482
", 298," 8284
",那个我爱了十年的男孩结婚了,http://www.jianshu.com//p/2e5b7e352a27
饱醉豚," 1748
", 3237," 122085
",毁掉你的不是高房价，而是你自己,http://www.jianshu.com//p/faa6359b4ef3
我是若言," 339
", 407," 3826
",如何用PPT制作“秒杀”面试官的简历？,http://www.jianshu.com//p/f9f5896bdf12
心蓝丫头," 314
", 445," 4950
",自学彩铅1年，零基础小白的逆袭,http://www.jianshu.com//p/ba08066d62db
布洛迪的后花园," 1567
", 7465," 258458
",为什么说绝大多数人都是“低品质勤奋者”？,http://www.jianshu.com//p/e26f435b7b0a
渐冻人乔乔," 400
", 357," 5953
",得绝症后，19岁就瘫痪的我是怎样的一种感受。如果你还健康，请珍惜生命！,http://www.jianshu.com//p/d9b640b0eaa1
Yuowuhs," 52
", 676," 8733
",一个实验和几本书的精华告诉你，这样记笔记简直屌爆了！,http://www.jianshu.com//p/8d2e05d1a4d6
在家ZAIJIA," 92
", 589," 9418
",94年花美男用3000元，就将25㎡的房子装得想住一辈子,http://www.jianshu.com//p/430bee5466d3
林贞观," 428
", 66," 2468
",诗专题新一届编审选拔结果公布,http://www.jianshu.com//p/145c9339e9e6
韩大爷的杂货铺," 122
", 650," 13969
",用五到十年后的目光看待今天的自己,http://www.jianshu.com//p/4413b6094ab9
馋人小博," 166
", 510," 13068
",听我一句劝，帮你减下50斤,http://www.jianshu.com//p/c52b6a76d007
铃铛子," 343
", 335," 24861
",报名截止 | 零基础入门简笔画之美食篇——21天训练营第二期招募,http://www.jianshu.com//p/bc3b27a57a8f
刘秀玲," 384
", 340," 15295
",单身女生买房后遗症,http://www.jianshu.com//p/90a34cc5ee07
Elinaliu," 684
", 9135," 122044
",碎片化自我提升：为大学生推荐的优质APP,http://www.jianshu.com//p/6e69ac6959d8
韩大爷的杂货铺," 176
", 457," 9103
",我们到底在怕什么？,http://www.jianshu.com//p/3b9e7c572489
韩大爷的杂货铺," 677
", 3856," 76922
",你的人格完善程度决定着你的发展高度,http://www.jianshu.com//p/2642b92bfb3a
小棕同学," 350
", 319," 4763
",心得｜你敢把你文章分享到朋友圈吗？,http://www.jianshu.com//p/0e404526588f
公羽依娜," 89
", 571," 8371
",20多岁的你，该如何增值自己,http://www.jianshu.com//p/6c27cc826efa
小丁老师," 246
", 420," 10720
",工作不赚钱？不如学一门小语种来钱快,http://www.jianshu.com//p/31b31c8187f3
blink_dagger," 282
", 202," 20401
",2017移动互联网寒冬（Android）求职随感,http://www.jianshu.com//p/13ef3fa5de9c
曌曌Flora," 95
", 622," 7980
",书单丨我读过最棒的理财入门书（适合0基础的朋友）,http://www.jianshu.com//p/4d823fefb92a
懒癌先生_," 231
", 429," 8320
",我想在这个深夜，跟你聊聊迷茫的自己！,http://www.jianshu.com//p/71d95387eb0e
顾一宸," 126
", 514," 15251
",屌丝逆袭女神，我做到了，你想学吗？,http://www.jianshu.com//p/1f7b1e4ec070
简书," 209
", 301," 44081
",【简书招聘】2017，简书期待你的加入！,http://www.jianshu.com//p/6fe482032ee2
无戒," 250
", 331," 21232
",我愿这一生只和你做爱,http://www.jianshu.com//p/cb709af06720
吕晨曦z," 142
", 575," 22531
",【创业专题三月征文】大学三年我赚了人生中第一个20万+（附赚钱攻略）,http://www.jianshu.com//p/6ea76fea3658
柯锦川子," 100
", 590," 6518
",适合一个人看，提升幸福感的8部电影 | 日影篇,http://www.jianshu.com//p/b3f50b5e8785
叶初夏," 803
", 3937," 51372
",中国最美现代诗，你知道这十首就够了,http://www.jianshu.com//p/ed69398a1af3
韩大爷的杂货铺," 417
", 2450," 43743
",敢不敢从年初开始，做几件年尾才能见成效的事,http://www.jianshu.com//p/0c84d5076836
空白中的独舞," 203
", 386," 8438
",我在自习室泡了两年，但没考研，至今不后悔,http://www.jianshu.com//p/47da5d049864
沈万九," 198
", 337," 19693
",婚前同居，好过婚后分居,http://www.jianshu.com//p/fe38d53c4ccc
蔡燕平Ping," 124
", 510," 8692
",女孩子如何通过内外兼修提升自己顺便收获不少追求者？,http://www.jianshu.com//p/52bc9a7d985b
文叨叨666," 777
", 2109," 47829
",裸辞100天，我所亲历的自由职业真相,http://www.jianshu.com//p/23ac2bcb5c59
小强先森," 610
", 6168," 59433
",【干货】让你薪资翻10倍的网站  大学生与职场人请收藏 ,http://www.jianshu.com//p/21b92c8b008d
陈允皓," 178
", 431," 8263
",姑娘，如果你没能嫁给爱情,http://www.jianshu.com//p/8af2328b6f5c
左小夏," 122
", 533," 52685
",会不会说话，与内向外向无关,http://www.jianshu.com//p/d8d559a32770
xwgong," 150
", 493," 32379
",夜访女儿杂感：父母啊，知不知道那些被我们扔在国外名校读书的孩子们怎样了？,http://www.jianshu.com//p/4ba110d535b7
迎刃," 642
", 8341," 234995
",如何变得会与异性聊天？,http://www.jianshu.com//p/63943f3fcf2b
胖子陈越," 233
", 267," 34893
",不要脸的“丽江炳哥”大法官，只有你才会无耻到去黑一位冒雪执勤的老警察！！,http://www.jianshu.com//p/1c073b0dff23
简书," 216
", 231," 21307
",【简书招聘】新媒体运营,http://www.jianshu.com//p/10fece2b8fd7
sunny视界," 105
", 540," 7099
",坚持这个好习惯，我们的思绪将整理得又快又好,http://www.jianshu.com//p/307b1d5cd1fc
赵聪," 156
", 387," 11076
",我是怎样在每天只睡四个半小时的情况下保持充沛精力的,http://www.jianshu.com//p/157d9e25f535
牛奶庄庄," 160
", 393," 10744
",我来告诉你，英语好究竟能赚多少,http://www.jianshu.com//p/4c6e7ee1cff2
特立独行的陶婷婷," 196
", 389," 7920
",喂，不好好学习是会早早结婚的！,http://www.jianshu.com//p/b9394262e97d
吴八一," 243
", 373," 7642
",社交恐惧症，我用这四点改变自己,http://www.jianshu.com//p/f6ccc6fdad70
斯诺姑娘," 88
", 478," 13565
",所谓开挂的人生，无非是早些明白了这些道理,http://www.jianshu.com//p/632656ce2ffe
毛球海绵仔," 44
", 583," 7921
",【女神进化篇8】女性必看的十部电影！,http://www.jianshu.com//p/dea1066a272b
疯狂的石头哥," 102
", 502," 3860
",一位英语教研总监的压箱底秘笈,http://www.jianshu.com//p/569a3d1dee58
程云舒," 170
", 446," 7958
",单身时，让你快乐的10件事,http://www.jianshu.com//p/ff10f727c59b
手帐研究室," 56
", 545," 8080
",2016年，最值得看的9部电影，你看了几部？,http://www.jianshu.com//p/3d0967ec331b
尹沽城," 226
", 266," 8942
",24岁：虽然一事无成，但也活得开心,http://www.jianshu.com//p/5aaa91d2ad46
汝之尾巴草," 284
", 336," 7063
",有些人二十岁就死了，八十岁才埋,http://www.jianshu.com//p/97693e7edadb
木小溪V," 154
", 394," 6667
",写作给了我自由职业第一桶金,http://www.jianshu.com//p/252618f99f70
七月木槿花开," 521
", 2509," 38009
",拥有独立思想的女生是怎样的？,http://www.jianshu.com//p/0e513985c439
朝歌晚丽," 427
", 152," 2707
",在简书邂逅顾先生,http://www.jianshu.com//p/4a762b9b7a43
Sylar彭," 154
", 412," 10196
",看完这本书，我扔掉了健身房的会员卡,http://www.jianshu.com//p/0d27ede75b23
mars小德子," 4
", 615," 10190
",选购冰箱的四个误区，贴心提示让你更懂冰箱,http://www.jianshu.com//p/d3c07c58af82
Sam的思考空间," 128
", 361," 7511
",5年后，你会被人工智能代替吗？,http://www.jianshu.com//p/c534b95046aa
苏荷的笔墨生活," 148
", 443," 5699
",毕业四年，用经历告诉你大学里更重要的10件事,http://www.jianshu.com//p/8c23956446c0
Dorothy小姐," 415
", 1056," 19270
",丑姑娘瘦掉20斤的公主梦：你远比自己想象的更美,http://www.jianshu.com//p/03d7a50102ae
在下行之," 87
", 424," 10439
",高晓松：后来等老了才发现，那慌张就是青春,http://www.jianshu.com//p/42ced6b50a4e
李泊文," 111
", 467," 9758
",那姑娘死后，有了一年四季,http://www.jianshu.com//p/d4142ae2dc2a
一只森女," 257
", 285," 4982
",读了三流的大学，迷茫到自卑怎么办？,http://www.jianshu.com//p/9b3ef76fda7e
武冬青," 58
", 530," 4682
",教你0基础如何在一年内靠摄影赚到钱,http://www.jianshu.com//p/8cc1961862ea
顾一宸," 145
", 315," 12204
",“朋友圈第一条请点赞”“滚！”,http://www.jianshu.com//p/c1a76a10f95f
黛玉日报," 29
", 533," 21014
",黛玉晚报170222——《你经常刷知乎，刷简书，可为啥还是没有什么进步？》,http://www.jianshu.com//p/ed2c75c9b13c
听说阿念," 1775
", 5901," 106776
",其实也可以，先结婚再恋爱,http://www.jianshu.com//p/cf6a27b72f1e
怀左同学," 166
", 375," 7969
",你以为的善良，不过是没有原则,http://www.jianshu.com//p/89b3816fd28e
韩大爷的杂货铺," 113
", 434," 6915
",今天，我想送给你两首诗,http://www.jianshu.com//p/2a7c498cd5d9
小灯泡儿," 134
", 395," 9500
",那些恋家的人，到底在“恋”什么？,http://www.jianshu.com//p/43e9fb15a8e7
怀左同学," 201
", 285," 7222
",成为签约作者后，我在想些什么,http://www.jianshu.com//p/5b81eac3a368
空白中的独舞," 743
", 6563," 72099
",如何在三个月说一口流利的英语,http://www.jianshu.com//p/b52852edd3fe
一元亦有用," 128
", 387," 10508
",『谈写作』朋友，你真的适合写作吗？,http://www.jianshu.com//p/b7cb0cad7f2b
河源客家人," 186
", 225," 6037
",母亲给我买了一双耐克鞋，学校就取消了我的助学金,http://www.jianshu.com//p/f7c6a145555c
微雨凭栏," 300
", 67," 21219
",魂里梦里的那个名字-----阿吉拉,http://www.jianshu.com//p/d8e946588d2a
南久木," 83
", 411," 6536
",你怎样过一天，就怎样过一生,http://www.jianshu.com//p/cc858e478266
芊语芊寻," 127
", 424," 9871
",搞定情绪问题，提升情商，看这一篇就够了,http://www.jianshu.com//p/a0efe5267e65
曾博同学," 1050
", 2821," 55677
",我花了二十年，上了一所你落榜才来的大学,http://www.jianshu.com//p/7da8e6a860c4
顾一宸," 114
", 374," 9171
",你以为他们那么持久都是天生的？天真！,http://www.jianshu.com//p/87cba02fa1ce
文叨叨666," 90
", 441," 8592
",拉开差距的，不是能力，而是这些常识,http://www.jianshu.com//p/10b3c726dd28
晓晗树," 136
", 368," 6233
",努力远离那些格局小的人,http://www.jianshu.com//p/616acd989861
杉枫爱世界," 239
", 226," 12918
",武亦姝:下一个咪蒙，还是下一个章泽天,http://www.jianshu.com//p/28ae23b9f161
水的颜色," 444
", 1246," 55768
",我是如何从土肥圆逆袭成为白富美的？,http://www.jianshu.com//p/ec2f97b4ae37
微光隐隐," 290
", 240," 4636
",历时四年，我终于走出了抑郁症,http://www.jianshu.com//p/67837354f878
别山举水," 302
", 189," 4114
",我的世界里不再有你,http://www.jianshu.com//p/a8a2f06cc024
小诺z," 211
", 276," 4909
",年轻时就应该学会的3个自控法则,http://www.jianshu.com//p/fe95fc4ec224
在下行之," 99
", 419," 6446
",爱情最深的思念，只是三棵树而已,http://www.jianshu.com//p/b8bfa5281485
李斯特," 62
", 472," 10051
",做了 16 年手帐的她，推荐这 10 件文具,http://www.jianshu.com//p/38b87d3a29fb
韩大爷的杂货铺," 74
", 400," 7271
",你的人生，有多大的延展度？,http://www.jianshu.com//p/05852291dc6c
浪子刘," 142
", 283," 7278
",讲真，仅仅喜欢读书学习其实没什么卵用,http://www.jianshu.com//p/df65d52b8a89
无声的和谐," 84
", 465," 4534
",教你用手机轻松做出PS所实现的多重曝光创意照片,http://www.jianshu.com//p/52021d9b69c1
石小马," 130
", 435," 4695
",如何在大学让英语四六级逆袭到600分以上？,http://www.jianshu.com//p/526f34978a39
欧阳天天," 23
", 524," 4935
",推荐这6个热门脱口秀节目，口语进步不再难,http://www.jianshu.com//p/3d3a28bfae6a
麟书," 507
", 1114," 19315
",18岁程序员的自学之路,http://www.jianshu.com//p/eefa380436fc
齐帆齐," 223
", 297," 7119
",来简书学写作我除了获得3k+的稿费，更重要的还有这些……,http://www.jianshu.com//p/cf0a40a09b8f
文氓大叔," 99
", 442," 6221
",送你几本书，不多不少刚刚好,http://www.jianshu.com//p/5f40d859a93d
韩大爷的杂货铺," 101
", 382," 6901
",正是那些不太舒服的时光，让我们长进,http://www.jianshu.com//p/969c3b20841e
戈漠," 184
", 306," 5851
",我想晚点遇见你，然后一辈子,http://www.jianshu.com//p/a6ae4ca837d2
八月未央未离," 66
", 464," 4278
",干货——我终于不再是大象腿了（训练篇）,http://www.jianshu.com//p/97ece84bc5a6
傅踢踢," 52
", 431," 9801
",看完这篇文章，再也不担心情人节不会说情话了,http://www.jianshu.com//p/86485b71167a
水清亦有鱼," 162
", 368," 5744
",近年的九点工作总结分享，希望对你有用,http://www.jianshu.com//p/592a7ef62027
野小喵," 163
", 1250," 18219
",毕业一年，我学到的五种高效学习方法,http://www.jianshu.com//p/ff144a9d198c
